category,keyword,count
립메이크업,촉촉,40
립메이크업,무난,32
립메이크업,비슷,28
립메이크업,신기,7
립메이크업,은근,9
립메이크업,차분,12
립메이크업,특이,5
립메이크업,독특,2
립메이크업,묵직,3
립메이크업,도톰,7
립메이크업,화사,9
립메이크업,상큼,11
립메이크업,은은,26
립메이크업,유명,20
립메이크업,가능,14
립메이크업,선명,11
립메이크업,달콤,4
립메이크업,적당,19
립메이크업,저렴,21
립메이크업,끈적,9
립메이크업,적절,2
립메이크업,유용,2
립메이크업,다양,16
립메이크업,민감,1
립메이크업,끈끈,1
립메이크업,영롱,2
립메이크업,훌륭,2
립메이크업,발랄,2
립메이크업,중요,2
립메이크업,단단,10
립메이크업,깔끔,13
립메이크업,깨끗,2
립메이크업,당연,1
립메이크업,튼튼,2
립메이크업,시원,6
립메이크업,뚜렷,1
립메이크업,미끈,2
립메이크업,매끈,7
립메이크업,간편,4
립메이크업,아련,1
립메이크업,향긋,1
립메이크업,강렬,1
립메이크업,진득,1
립메이크업,진정,2
립메이크업,황홀,1
립메이크업,견고,1
립메이크업,딱딱,3
립메이크업,강력,1
립메이크업,예민,1
립메이크업,뿌듯,1
립메이크업,세련,1
립메이크업,푹신,1
립메이크업,오묘,1
립메이크업,풍부,1
립메이크업,따뜻,1
립메이크업,상쾌,1
립메이크업,익숙,1
컨투어링,가능,29
컨투어링,적당,10
컨투어링,무난,30
컨투어링,다양,22
컨투어링,촉촉,23
컨투어링,차분,12
컨투어링,깔끔,4
컨투어링,끈적,2
컨투어링,화려,4
컨투어링,비슷,20
컨투어링,은은,39
컨투어링,유명,18
컨투어링,화사,23
컨투어링,중요,5
컨투어링,확실,5
컨투어링,딱딱,2
컨투어링,저렴,25
컨투어링,은근,10
컨투어링,선명,2
컨투어링,강력,4
컨투어링,단단,4
컨투어링,간편,7
컨투어링,견고,1
컨투어링,오묘,5
컨투어링,미세,8
컨투어링,튼튼,2
컨투어링,시원,1
컨투어링,달콤,2
컨투어링,훌륭,1
컨투어링,적합,3
컨투어링,매끈,2
컨투어링,톡톡,2
컨투어링,영롱,3
컨투어링,따뜻,3
컨투어링,까무잡잡,2
컨투어링,신기,5
컨투어링,유용,2
컨투어링,상큼,7
컨투어링,산뜻,1
컨투어링,강열,1
컨투어링,정확,1
컨투어링,자잘,2
컨투어링,아련,1
컨투어링,평범,1
컨투어링,독특,1
컨투어링,깨끗,1
컨투어링,당연,1
컨투어링,세련,1
컨투어링,우아,2
컨투어링,그윽,1
컨투어링,동일,1
컨투어링,발랄,2
컨투어링,멀쩡,1
아이메이크업,무난,35
아이메이크업,아련,1
아이메이크업,가능,33
아이메이크업,그윽,4
아이메이크업,풍성,16
아이메이크업,오묘,3
아이메이크업,비슷,16
아이메이크업,은은,26
아이메이크업,적당,20
아이메이크업,선명,15
아이메이크업,따뜻,3
아이메이크업,영롱,9
아이메이크업,다양,20
아이메이크업,화려,6
아이메이크업,깔끔,29
아이메이크업,저렴,33
아이메이크업,탁월,1
아이메이크업,유명,21
아이메이크업,또렷,13
아이메이크업,간편,9
아이메이크업,강력,4
아이메이크업,중요,5
아이메이크업,딱딱,9
아이메이크업,유용,9
아이메이크업,은근,7
아이메이크업,차분,3
아이메이크업,예민,1
아이메이크업,화사,7
아이메이크업,잔잔,3
아이메이크업,단정,1
아이메이크업,소중,1
아이메이크업,촉촉,8
아이메이크업,튼튼,3
아이메이크업,확실,8
아이메이크업,촘촘,3
아이메이크업,무쌍,2
아이메이크업,자잘,4
아이메이크업,미세,3
아이메이크업,날렵,2
아이메이크업,퀭,1
아이메이크업,우아,1
아이메이크업,신기,6
아이메이크업,단단,5
아이메이크업,세심,1
아이메이크업,익숙,4
아이메이크업,폭신,1
아이메이크업,특이,2
아이메이크업,뭉툭,4
아이메이크업,뿌듯,1
아이메이크업,정교,1
아이메이크업,훌륭,2
아이메이크업,간단,2
아이메이크업,섬세,3
아이메이크업,꼼꼼,2
아이메이크업,평범,2
아이메이크업,깨끗,5
아이메이크업,어마어마,1
아이메이크업,뜨악,1
아이메이크업,상큼,1
아이메이크업,특별,2
아이메이크업,납작,2
아이메이크업,멀쩡,2
아이메이크업,궁금,2
아이메이크업,드라마틱,1
아이메이크업,뚜렷,1
아이메이크업,끈적,1
아이메이크업,매끈,1
뷰티툴,저렴,37
뷰티툴,뭉툭,1
뷰티툴,적당,21
뷰티툴,가능,20
뷰티툴,단단,14
뷰티툴,촉촉,22
뷰티툴,정교,2
뷰티툴,유용,16
뷰티툴,무난,33
뷰티툴,비슷,19
뷰티툴,유명,20
뷰티툴,깨끗,8
뷰티툴,적합,5
뷰티툴,두툼,3
뷰티툴,궁금,2
뷰티툴,깔끔,17
뷰티툴,도톰,5
뷰티툴,촘촘,10
뷰티툴,튼튼,13
뷰티툴,강력,1
뷰티툴,평평,2
뷰티툴,무쌍,2
뷰티툴,간편,8
뷰티툴,산뜻,1
뷰티툴,말끔,1
뷰티툴,확실,2
뷰티툴,민감,4
뷰티툴,탄탄,8
뷰티툴,폭신,1
뷰티툴,매끈,6
뷰티툴,또렷,5
뷰티툴,화려,2
뷰티툴,다양,8
뷰티툴,중요,6
뷰티툴,납작,6
뷰티툴,딱딱,10
뷰티툴,은은,5
뷰티툴,충분,3
뷰티툴,멀쩡,3
뷰티툴,섬세,6
뷰티툴,선명,4
뷰티툴,풍성,2
뷰티툴,꼼꼼,2
뷰티툴,익숙,4
뷰티툴,세밀,1
뷰티툴,큼직,1
뷰티툴,특별,1
뷰티툴,영롱,1
뷰티툴,신기,2
뷰티툴,빳빳,2
뷰티툴,날렵,1
뷰티툴,은근,4
뷰티툴,빽빽,1
뷰티툴,평범,1
뷰티툴,따끔,1
뷰티툴,푹신,1
뷰티툴,말랑,1
뷰티툴,예민,2
뷰티툴,용이,2
뷰티툴,헐렁,1
뷰티툴,완만,1
뷰티툴,비슷비슷,1
뷰티툴,소중,1
뷰티툴,미지근,1
스킨케어,촉촉,39
스킨케어,무난,37
스킨케어,가능,13
스킨케어,민감,38
스킨케어,산뜻,33
스킨케어,저렴,24
스킨케어,시원,23
스킨케어,진정,15
스킨케어,탄탄,4
스킨케어,적당,24
스킨케어,예민,15
스킨케어,비슷,13
스킨케어,중요,6
스킨케어,유용,2
스킨케어,충분,12
스킨케어,은근,2
스킨케어,끈적,9
스킨케어,은은,14
스킨케어,신기,10
스킨케어,잠잠,3
스킨케어,깔끔,15
스킨케어,상큼,3
스킨케어,유명,16
스킨케어,드라마틱,9
스킨케어,팽팽,1
스킨케어,매끈,15
스킨케어,상쾌,3
스킨케어,다양,2
스킨케어,적합,4
스킨케어,묵직,6
스킨케어,풍부,2
스킨케어,자잘,2
스킨케어,도톰,1
스킨케어,강력,3
스킨케어,특별,2
스킨케어,적절,1
스킨케어,탁월,1
스킨케어,간편,1
스킨케어,확실,4
스킨케어,진득,1
스킨케어,달콤,1
스킨케어,따뜻,1
스킨케어,깨끗,4
스킨케어,뻐근,1
스킨케어,끈끈,1
스킨케어,쌀쌀,1
스킨케어,화사,2
스킨케어,굉장,1
스킨케어,맹,1
스킨케어,독특,1
스킨케어,미끈,1
스킨케어,개운,1
스킨케어,튼튼,1
스킨케어,익숙,1
스킨케어,거북,1
스킨케어,미세,1
스킨케어,긴가민가,1
페이스메이크업,촉촉,40
페이스메이크업,화사,37
페이스메이크업,매끈,26
페이스메이크업,깔끔,17
페이스메이크업,자잘,2
페이스메이크업,적합,8
페이스메이크업,당연,2
페이스메이크업,신기,13
페이스메이크업,다양,14
페이스메이크업,무난,33
페이스메이크업,적당,22
페이스메이크업,은은,29
페이스메이크업,민감,22
페이스메이크업,깨끗,18
페이스메이크업,탄탄,2
페이스메이크업,가능,27
페이스메이크업,저렴,21
페이스메이크업,비슷,16
페이스메이크업,유명,20
페이스메이크업,산뜻,4
페이스메이크업,중요,16
페이스메이크업,예민,7
페이스메이크업,드라마틱,1
페이스메이크업,궁금,3
페이스메이크업,충분,3
페이스메이크업,딱딱,2
페이스메이크업,미세,7
페이스메이크업,은근,5
페이스메이크업,간편,8
페이스메이크업,넉넉,1
페이스메이크업,훌륭,4
페이스메이크업,요긴,1
페이스메이크업,익숙,1
페이스메이크업,어마어마,1
페이스메이크업,특별,1
페이스메이크업,심각,1
페이스메이크업,멀쩡,2
페이스메이크업,말끔,1
페이스메이크업,시원,2
페이스메이크업,오묘,1
페이스메이크업,소중,1
페이스메이크업,누리끼리,2
페이스메이크업,단단,1
페이스메이크업,차분,1
페이스메이크업,유용,3
페이스메이크업,무방,1
페이스메이크업,영롱,1
페이스메이크업,톡톡,1
페이스메이크업,평범,1
페이스메이크업,적절,1
페이스메이크업,확실,1
페이스메이크업,진정,1
페이스메이크업,솔직,1
페이스메이크업,탁월,2
페이스메이크업,끈적,2
페이스메이크업,화려,1
선케어,촉촉,40
선케어,무난,39
선케어,확실,2
선케어,진정,10
선케어,적당,33
선케어,시원,19
선케어,화사,22
선케어,가능,17
선케어,예민,14
선케어,저렴,27
선케어,미끈,3
선케어,민감,27
선케어,간편,5
선케어,산뜻,33
선케어,매끈,7
선케어,깔끔,8
선케어,비슷,13
선케어,중요,7
선케어,넉넉,4
선케어,끈적,15
선케어,신기,4
선케어,유명,6
선케어,은근,6
선케어,은은,11
선케어,간단,2
선케어,궁금,1
선케어,다양,1
선케어,당연,1
선케어,딱딱,1
선케어,훌륭,1
선케어,갑갑,1
선케어,톡톡,1
선케어,아련,1
선케어,유용,4
선케어,강력,1
선케어,꾸준,1
선케어,적절,2
선케어,적합,1
선케어,끈끈,3
선케어,빵빵,1
선케어,요긴,1
남성화장품,무난,36
남성화장품,깨끗,9
남성화장품,가능,23
남성화장품,적당,31
남성화장품,풍성,7
남성화장품,비슷,18
남성화장품,딱딱,3
남성화장품,깔끔,29
남성화장품,촉촉,36
남성화장품,민감,33
남성화장품,저렴,21
남성화장품,신기,11
남성화장품,중요,15
남성화장품,시원,27
남성화장품,상쾌,15
남성화장품,은은,29
남성화장품,예민,24
남성화장품,미미,2
남성화장품,유명,3
남성화장품,산뜻,32
남성화장품,진정,6
남성화장품,은근,8
남성화장품,개운,9
남성화장품,간편,23
남성화장품,차분,4
남성화장품,그러,1
남성화장품,미끈,2
남성화장품,빡빡,2
남성화장품,끈적,13
남성화장품,충분,6
남성화장품,평범,1
남성화장품,매끈,6
남성화장품,뿌듯,5
남성화장품,적합,11
남성화장품,훌륭,1
남성화장품,강력,8
남성화장품,익숙,4
남성화장품,심심,1
남성화장품,단단,2
남성화장품,간단,8
남성화장품,황당,1
남성화장품,훤칠,1
남성화장품,톡톡,1
남성화장품,까무잡잡,2
남성화장품,자잘,1
남성화장품,죄송,1
남성화장품,화사,3
남성화장품,향긋,1
남성화장품,미세,2
남성화장품,말끔,1
남성화장품,적절,3
남성화장품,선명,2
남성화장품,궁금,6
남성화장품,상큼,3
남성화장품,다양,3
남성화장품,유용,3
남성화장품,튼튼,1
남성화장품,독특,1
남성화장품,확실,2
남성화장품,세련,2
남성화장품,용이,1
남성화장품,넉넉,1
남성화장품,무방,1
남성화장품,갑갑,1
남성화장품,특별,1
남성화장품,촘촘,1
남성화장품,조밀,1
남성화장품,수월,1
남성화장품,묵직,1
남성화장품,동일,1
남성화장품,탁월,1
마스크/팩,촉촉,39
마스크/팩,매끈,19
마스크/팩,저렴,34
마스크/팩,민감,25
마스크/팩,간편,8
마스크/팩,특별,6
마스크/팩,은근,1
마스크/팩,끈적,6
마스크/팩,유명,9
마스크/팩,산뜻,10
마스크/팩,은은,4
마스크/팩,화사,3
마스크/팩,비슷,19
마스크/팩,강력,4
마스크/팩,넉넉,7
마스크/팩,시원,29
마스크/팩,진정,33
마스크/팩,도톰,8
마스크/팩,신기,15
마스크/팩,개운,7
마스크/팩,깨끗,14
마스크/팩,무난,28
마스크/팩,중요,19
마스크/팩,깔끔,10
마스크/팩,적당,15
마스크/팩,적합,3
마스크/팩,다양,2
마스크/팩,예민,19
마스크/팩,익숙,2
마스크/팩,드라마틱,14
마스크/팩,확실,8
마스크/팩,가능,7
마스크/팩,상큼,7
마스크/팩,자잘,1
마스크/팩,상쾌,2
마스크/팩,신선,1
마스크/팩,두툼,2
마스크/팩,오묘,1
마스크/팩,차분,1
마스크/팩,풍부,1
마스크/팩,딱딱,1
마스크/팩,따뜻,2
마스크/팩,미끈,2
마스크/팩,걸쭉,1
마스크/팩,충분,1
마스크/팩,꼼꼼,1
마스크/팩,느긋,1
마스크/팩,달콤,1
마스크/팩,특이,4
마스크/팩,꺼칠,1
마스크/팩,후련,1
마스크/팩,단단,1
마스크/팩,갑갑,1
마스크/팩,평평,1
마스크/팩,솔직,1
마스크/팩,묵직,1
마스크/팩,탄탄,1
마스크/팩,간단,1
마스크/팩,풍성,1
마스크/팩,훌륭,1
클렌징,깔끔,36
클렌징,저렴,31
클렌징,촉촉,37
클렌징,산뜻,29
클렌징,무난,37
클렌징,유명,12
클렌징,예민,33
클렌징,깨끗,37
클렌징,궁금,2
클렌징,민감,37
클렌징,간편,11
클렌징,개운,21
클렌징,중요,9
클렌징,가능,19
클렌징,미끈,8
클렌징,상쾌,9
클렌징,시원,12
클렌징,풍성,19
클렌징,도톰,2
클렌징,신기,8
클렌징,튼튼,1
클렌징,진정,3
클렌징,상큼,4
클렌징,화사,1
클렌징,묵직,6
클렌징,적당,19
클렌징,은은,9
클렌징,진득,1
클렌징,말끔,8
클렌징,매끈,18
클렌징,비슷,15
클렌징,꾸준,1
클렌징,걸쭉,1
클렌징,확실,5
클렌징,단단,2
클렌징,고소,1
클렌징,꼼꼼,3
클렌징,넉넉,2
클렌징,탁월,2
클렌징,두툼,1
클렌징,적합,3
클렌징,충분,8
클렌징,유용,3
클렌징,아련,1
클렌징,톡톡,1
클렌징,간단,2
클렌징,따뜻,3
클렌징,어마어마,2
클렌징,특이,1
클렌징,드라마틱,4
클렌징,빡빡,1
클렌징,강력,1
클렌징,미미,1
클렌징,물컹,2
클렌징,미세,5
클렌징,촘촘,1
클렌징,풍부,1
클렌징,푹신,1
클렌징,은근,1
클렌징,자잘,1
클렌징,따끔,1
클렌징,익숙,1
클렌징,훌륭,1
클렌징,조밀,2
클렌징,당연,1
클렌징,포근,1
헤어,진득,1
헤어,촉촉,33
헤어,산뜻,22
헤어,은은,32
헤어,차분,35
헤어,비슷,21
헤어,저렴,29
헤어,충분,3
헤어,상큼,12
헤어,중요,11
헤어,드라마틱,10
헤어,끈적,3
헤어,묵직,7
헤어,매끈,2
헤어,무난,32
헤어,민감,13
헤어,유명,13
헤어,적당,14
헤어,어마어마,1
헤어,간편,9
헤어,딱딱,5
헤어,확실,4
헤어,간단,1
헤어,시원,23
헤어,상쾌,17
헤어,신기,6
헤어,축축,2
헤어,향긋,4
헤어,가능,16
헤어,예민,9
헤어,개운,21
헤어,강력,2
헤어,궁금,1
헤어,우아,2
헤어,진정,3
헤어,깔끔,18
헤어,풍성,10
헤어,튼튼,4
헤어,깨끗,12
헤어,단단,2
헤어,풍부,2
헤어,연약,1
헤어,익숙,2
헤어,은근,5
헤어,꾸준,1
헤어,달콤,3
헤어,특별,1
헤어,유사,1
헤어,평범,1
헤어,섬세,2
헤어,다양,4
헤어,비슷비슷,1
헤어,유용,4
헤어,고소,1
헤어,포근,1
헤어,빳빳,1
헤어,오묘,1
헤어,끔찍,1
헤어,톡톡,1
헤어,푸근,1
헤어,심각,1
이너뷰티,촉촉,11
이너뷰티,중요,29
이너뷰티,상큼,21
이너뷰티,적당,20
이너뷰티,달콤,9
이너뷰티,간편,35
이너뷰티,저렴,37
이너뷰티,비슷,19
이너뷰티,신기,11
이너뷰티,예민,11
이너뷰티,은근,4
이너뷰티,더부룩,11
이너뷰티,깔끔,8
이너뷰티,간단,6
이너뷰티,다양,9
이너뷰티,드라마틱,21
이너뷰티,궁금,5
이너뷰티,확실,13
이너뷰티,민감,5
이너뷰티,활발,5
이너뷰티,가능,24
이너뷰티,죄송,1
이너뷰티,튼튼,6
이너뷰티,특별,2
이너뷰티,유명,17
이너뷰티,시원,9
이너뷰티,익숙,4
이너뷰티,단단,3
이너뷰티,딱딱,1
이너뷰티,비릿,8
이너뷰티,본격,2
이너뷰티,유용,1
이너뷰티,미미,4
이너뷰티,무난,17
이너뷰티,개운,4
이너뷰티,솔직,2
이너뷰티,수월,8
이너뷰티,심심,8
이너뷰티,꾸준,12
이너뷰티,충분,2
이너뷰티,고소,8
이너뷰티,든든,5
이너뷰티,거북,6
이너뷰티,특이,1
이너뷰티,출출,2
이너뷰티,극심,1
이너뷰티,침침,1
이너뷰티,깨끗,1
이너뷰티,유익,3
이너뷰티,분분,1
이너뷰티,비슷비슷,1
이너뷰티,따뜻,1
이너뷰티,축축,1
이너뷰티,씁쓸,3
이너뷰티,긴가민가,1
이너뷰티,뚜렷,2
이너뷰티,평범,1
이너뷰티,지독,1
이너뷰티,정확,1
이너뷰티,절박,1
이너뷰티,미세,1
이너뷰티,노곤,2
이너뷰티,쫄깃,1
이너뷰티,용이,3
이너뷰티,넉넉,1
이너뷰티,은은,2
이너뷰티,갸름,1
이너뷰티,탄탄,1
이너뷰티,자잘,1
이너뷰티,달짝지근,1
네일,무난,35
네일,비슷,20
네일,상큼,5
네일,유명,11
네일,저렴,39
네일,은은,17
네일,유용,4
네일,촉촉,11
네일,깔끔,34
네일,다양,27
네일,화려,4
네일,선명,9
네일,특이,4
네일,은근,8
네일,가능,8
네일,납작,4
네일,적당,14
네일,영롱,6
네일,차분,6
네일,도톰,9
네일,신기,4
네일,우아,2
네일,매끈,6
네일,단정,1
네일,오묘,5
네일,세련,4
네일,어마어마,1
네일,거뜬,1
네일,평평,1
네일,시원,5
네일,진정,1
네일,끈적,2
네일,확실,3
네일,넓적,2
네일,심심,3
네일,간편,12
네일,단단,9
네일,딴딴,1
네일,튼튼,10
네일,깨끗,6
네일,말끔,1
네일,드라마틱,3
네일,민감,3
네일,달콤,2
네일,강력,3
네일,훌륭,1
네일,잠잠,2
네일,흉악,1
네일,지독,1
네일,두툼,1
네일,멀쩡,3
네일,궁금,3
네일,산뜻,1
네일,세밀,1
네일,충분,3
네일,질척,1
네일,미끈,1
네일,희한,1
네일,끈끈,1
네일,중요,1
네일,간단,1
디바이스,가능,30
디바이스,익숙,14
디바이스,무난,18
디바이스,유용,12
디바이스,적당,24
디바이스,민감,14
디바이스,저렴,27
디바이스,깔끔,15
디바이스,깨끗,14
디바이스,신기,10
디바이스,튼튼,16
디바이스,예민,10
디바이스,강력,9
디바이스,비슷,12
디바이스,간편,20
디바이스,매끈,9
디바이스,개운,8
디바이스,다양,10
디바이스,말끔,2
디바이스,드라마틱,9
디바이스,탁월,2
디바이스,은근,7
디바이스,자잘,5
디바이스,꼼꼼,9
디바이스,풍성,3
디바이스,중요,12
디바이스,멀쩡,2
디바이스,시원,13
디바이스,확실,7
디바이스,적절,1
디바이스,간단,8
디바이스,뜨끈,1
디바이스,궁금,2
디바이스,유명,12
디바이스,촉촉,9
디바이스,꾸준,1
디바이스,무방,1
디바이스,차분,4
디바이스,진정,2
디바이스,충분,3
디바이스,헐렁,2
디바이스,동일,1
디바이스,따끔,1
디바이스,화사,1
디바이스,미지근,3
디바이스,따뜻,7
디바이스,촘촘,2
디바이스,평범,2
디바이스,적합,1
디바이스,미미,1
디바이스,빽빽,1
디바이스,우아,1
디바이스,당연,2
디바이스,날렵,1
디바이스,탄탄,1
디바이스,따듯,1
디바이스,미세,2
디바이스,축축,1
디바이스,찌릿,1
디바이스,발랄,1
배쓰&바디,민감,16
배쓰&바디,유명,11
배쓰&바디,산뜻,24
배쓰&바디,촉촉,36
배쓰&바디,시원,18
배쓰&바디,은은,37
배쓰&바디,무난,32
배쓰&바디,상쾌,17
배쓰&바디,매끈,9
배쓰&바디,가능,17
배쓰&바디,예민,10
배쓰&바디,유용,4
배쓰&바디,잠잠,1
배쓰&바디,은근,9
배쓰&바디,진정,6
배쓰&바디,상큼,19
배쓰&바디,끈적,11
배쓰&바디,진득,3
배쓰&바디,적합,3
배쓰&바디,저렴,25
배쓰&바디,적당,14
배쓰&바디,미지근,1
배쓰&바디,깔끔,18
배쓰&바디,따뜻,5
배쓰&바디,간편,8
배쓰&바디,중요,9
배쓰&바디,향긋,8
배쓰&바디,미끈,7
배쓰&바디,쌀쌀,1
배쓰&바디,달콤,8
배쓰&바디,묵직,8
배쓰&바디,포근,11
배쓰&바디,잔잔,1
배쓰&바디,담백,1
배쓰&바디,비슷,16
배쓰&바디,끈끈,1
배쓰&바디,깨끗,6
배쓰&바디,독특,2
배쓰&바디,적절,1
배쓰&바디,개운,7
배쓰&바디,넉넉,1
배쓰&바디,뻐근,1
배쓰&바디,특이,2
배쓰&바디,풍성,8
배쓰&바디,다양,3
배쓰&바디,미세,2
배쓰&바디,훌륭,1
배쓰&바디,신기,4
배쓰&바디,드라마틱,1
배쓰&바디,자잘,1
배쓰&바디,섹시,1
배쓰&바디,그윽,1
배쓰&바디,간단,1
배쓰&바디,축축,1
배쓰&바디,익숙,3
배쓰&바디,확실,3
배쓰&바디,거북,2
배쓰&바디,미안,1
배쓰&바디,조밀,1
배쓰&바디,충분,1
배쓰&바디,급격,1
배쓰&바디,특별,1
배쓰&바디,궁금,1
배쓰&바디,빳빳,1
배쓰&바디,꺼칠,1
배쓰&바디,풍부,1
배쓰&바디,평범,1
프래그런스,상큼,37
프래그런스,은은,40
프래그런스,시원,36
프래그런스,가능,12
프래그런스,풋풋,4
프래그런스,저렴,28
프래그런스,무난,34
프래그런스,깨끗,14
프래그런스,특이,3
프래그런스,달콤,34
프래그런스,유명,29
프래그런스,특별,8
프래그런스,포근,34
프래그런스,차분,11
프래그런스,상쾌,25
프래그런스,비슷,27
프래그런스,묵직,23
프래그런스,발랄,21
프래그런스,우아,19
프래그런스,세련,19
프래그런스,섹시,14
프래그런스,깔끔,16
프래그런스,은근,15
프래그런스,독특,8
프래그런스,중요,5
프래그런스,향긋,7
프래그런스,화려,2
프래그런스,평범,3
프래그런스,따뜻,15
프래그런스,예민,3
프래그런스,신기,3
프래그런스,흐릿,1
프래그런스,궁금,2
프래그런스,달짝지근,1
프래그런스,오묘,6
프래그런스,산뜻,17
프래그런스,적당,9
프래그런스,민감,3
프래그런스,적절,1
프래그런스,길쭉,1
프래그런스,화사,2
프래그런스,다양,3
프래그런스,푹신,1
프래그런스,강력,2
프래그런스,익숙,6
프래그런스,쌀쌀,1
프래그런스,적합,1
프래그런스,중후,3
프래그런스,강렬,2
프래그런스,잔잔,3
프래그런스,도도,1
프래그런스,경쾌,1
프래그런스,훈훈,1
프래그런스,거북,1
프래그런스,진득,1
프래그런스,뿌듯,1
생활용품,시원,8
생활용품,깔끔,28
생활용품,무난,38
생활용품,민감,29
생활용품,저렴,35
생활용품,깨끗,10
생활용품,은은,15
생활용품,산뜻,14
생활용품,개운,12
생활용품,비슷,10
생활용품,가능,13
생활용품,적당,23
생활용품,상쾌,11
생활용품,특별,3
생활용품,간편,9
생활용품,넉넉,6
생활용품,유명,5
생활용품,예민,32
생활용품,소중,3
생활용품,촉촉,8
생활용품,충분,1
생활용품,풍성,3
생활용품,유용,3
생활용품,중요,9
생활용품,요긴,2
생활용품,은근,4
생활용품,미지근,1
생활용품,익숙,6
생활용품,확실,1
생활용품,따뜻,2
생활용품,향긋,1
생활용품,신기,3
생활용품,상큼,1
생활용품,빳빳,1
생활용품,딱딱,2
생활용품,꾸준,1
생활용품,평범,2
생활용품,푹신,7
생활용품,유익,1
생활용품,갑갑,1
생활용품,도톰,20
생활용품,다양,2
생활용품,폭신,4
생활용품,두툼,11
생활용품,믿음직,1
생활용품,축축,3
생활용품,든든,1
생활용품,평평,1
생활용품,깐깐,1
생활용품,쾌적,1
생활용품,포근,1
생활용품,당연,1
생활용품,날렵,1
생활용품,수월,1
생활용품,불가피,1
생활용품,적합,1
베이비,촉촉,34
베이비,무난,29
베이비,민감,33
베이비,예민,27
베이비,가능,12
베이비,특별,2
베이비,적당,22
베이비,은은,29
베이비,저렴,21
베이비,깔끔,5
베이비,중요,9
베이비,비슷,16
베이비,간편,10
베이비,매끈,3
베이비,산뜻,23
베이비,풍부,1
베이비,상쾌,2
베이비,익숙,3
베이비,신기,7
베이비,유명,10
베이비,깨끗,5
베이비,묵직,5
베이비,딱딱,1
베이비,끈적,7
베이비,포근,4
베이비,평범,3
베이비,끈끈,1
베이비,충분,5
베이비,유용,2
베이비,다양,2
베이비,톡톡,2
베이비,상큼,6
베이비,풍성,3
베이비,은근,3
베이비,믿음직,1
베이비,오묘,1
베이비,달콤,3
베이비,시원,8
베이비,확실,1
베이비,미끈,3
베이비,진정,7
베이비,적합,3
베이비,튼튼,1
베이비,넉넉,2
베이비,꼼꼼,1
베이비,쾌적,1
베이비,탁월,1
베이비,말끔,1
베이비,연약,1
베이비,솔직,1
베이비,갑갑,1
렌즈,무난,37
렌즈,또렷,37
렌즈,저렴,34
렌즈,깔끔,5
렌즈,은은,28
렌즈,촉촉,31
렌즈,적당,36
렌즈,비슷,24
렌즈,선명,14
렌즈,예민,11
렌즈,발랄,1
렌즈,화려,29
렌즈,뚜렷,13
렌즈,가능,15
렌즈,오묘,30
렌즈,단정,1
렌즈,평범,1
렌즈,심심,1
렌즈,중요,5
렌즈,시원,2
렌즈,민감,3
렌즈,상쾌,1
렌즈,탁월,1
렌즈,깨끗,4
렌즈,특별,7
렌즈,확실,4
렌즈,유명,10
렌즈,당연,1
렌즈,영롱,11
렌즈,간편,1
렌즈,쾌적,1
렌즈,신기,5
렌즈,드라마틱,1
렌즈,적절,3
렌즈,아련,3
렌즈,독특,2
렌즈,특이,2
렌즈,상큼,2
렌즈,무쌍,1
렌즈,은근,1
렌즈,그윽,3
렌즈,따뜻,2
렌즈,차분,1
렌즈,다양,3
렌즈,익숙,3
렌즈,큼직,1
렌즈,빵빵,1
렌즈,멀쩡,1
렌즈,뿌듯,1
렌즈,섹시,1
렌즈,도톰,1
렌즈,묵직,1
렌즈,적합,1
렌즈,화사,1
렌즈,강렬,1
렌즈,정교,1
렌즈,시큰,1
렌즈,흐릿,1
